# 1	Ind1,Ind2,Ind3,Ind4,Ind5
# 2	Ind6,Ind7,Ind8,Ind9,Ind10
# 3	Ind11,Ind12,Ind13,Ind14
# 4	Ind15,Ind16
# 5	Ind17
# Batch ID 	Locus ID	Chr	BP	Col	Pop ID	P Nuc	Q Nuc	N	P	Obs Het	Obs Hom	Exp Het	Exp Hom	Pi	Smoothed Pi	Smoothed Pi P-value	Fis	Smoothed Fis	Smoothed Fis P-value	Private
1	66300	chr1	230000	126	pop1	C	-	2	1.00000000	0.0000	1.0000	0.0000	1.0000	0.0000	0.0000	0.0000	0.0000	0.0000	0.0000	0
1	66300	chr1	230000	126	pop2	C	-	2	1.00000000	0.0000	1.0000	0.0000	1.0000	0.0000	0.0000	0.0000	0.0000	0.0000	0.0000	0
1	66300	chr1	230000	126	pop4	-	T	1	0.00000000	0.0000	1.0000	0.0000	1.0000	0.0000	0.0000	0.0000	0.0000	0.0000	0.0000	1
1	135000	chr2	410000	60	pop2	A	-	1	1.00000000	0.0000	1.0000	0.0000	1.0000	0.0000	0.0000	0.0000	0.0000	0.0000	0.0000	0
1	135000	chr2	410000	60	pop3	-	C	1	0.00000000	0.0000	1.0000	0.0000	1.0000	0.0000	0.0000	0.0000	0.0000	0.0000	0.0000	0
1	5000	chr3	9000	16	pop1	A	-	4	1.00000000	0.0000	1.0000	0.0000	1.0000	0.0000	0.0000	0.0000	0.0000	0.0000	0.0000	0
1	5000	chr3	9000	16	pop2	A	-	3	1.00000000	0.0000	1.0000	0.0000	1.0000	0.0000	0.0000	0.0000	0.0000	0.0000	0.0000	0
1	5000	chr3	9000	16	pop3	A	-	2	1.00000000	0.0000	1.0000	0.0000	1.0000	0.0000	0.0000	0.0000	0.0000	0.0000	0.0000	0
1	5000	chr3	9000	16	pop4	-	G	2	0.00000000	0.0000	1.0000	0.0000	1.0000	0.0000	0.0000	0.0000	0.0000	0.0000	0.0000	1
1	86000	chr4	100000	29	pop1	T	-	3	1.00000000	0.0000	1.0000	0.0000	1.0000	0.0000	0.0000	0.0000	0.0000	0.0000	0.0000	0
1	86000	chr4	100000	29	pop2	T	-	1	1.00000000	0.0000	1.0000	0.0000	1.0000	0.0000	0.0000	0.0000	0.0000	0.0000	0.0000	0
1	86000	chr4	100000	29	pop3	-	G	3	0.00000000	0.0000	1.0000	0.0000	1.0000	0.0000	0.0000	0.0000	0.0000	0.0000	0.0000	1
1	86000	chr4	100000	29	pop4	T	-	2	1.00000000	0.0000	1.0000	0.0000	1.0000	0.0000	0.0000	0.0000	0.0000	0.0000	0.0000	0
1	44000	chr5	29000	98	pop1	G	-	5	1.00000000	0.0000	1.0000	0.0000	1.0000	0.0000	0.0000	0.0000	0.0000	0.0000	0.0000	0
1	44000	chr5	29000	98	pop2	G	-	5	1.00000000	0.0000	1.0000	0.0000	1.0000	0.0000	0.0000	0.0000	0.0000	0.0000	0.0000	0
1	44000	chr5	29000	98	pop3	-	A	3	0.00000000	0.0000	1.0000	0.0000	1.0000	0.0000	0.0000	0.0000	0.0000	0.0000	0.0000	1
1	44000	chr5	29000	98	pop4	G	-	2	1.00000000	0.0000	1.0000	0.0000	1.0000	0.0000	0.0000	0.0000	0.0000	0.0000	0.0000	0
1	44000	chr5	29000	98	pop5	G	-	1	1.00000000	0.0000	1.0000	0.0000	1.0000	0.0000	0.0000	0.0000	0.0000	0.0000	0.0000	0
1	78000	chr6	22000	33	pop1	T	-	2	1.00000000	0.0000	1.0000	0.0000	1.0000	0.0000	0.0000	0.0000	0.0000	0.0000	0.0000	0
1	78000	chr6	22000	33	pop2	T	-	5	1.00000000	0.0000	1.0000	0.0000	1.0000	0.0000	0.0000	0.0000	0.0000	0.0000	0.0000	0
1	78000	chr6	22000	33	pop3	-	G	2	0.00000000	0.0000	1.0000	0.0000	1.0000	0.0000	0.0000	0.0000	0.0000	0.0000	0.0000	0
1	78000	chr6	22000	33	pop4	-	G	1	0.00000000	0.0000	1.0000	0.0000	1.0000	0.0000	0.0000	0.0000	0.0000	0.0000	0.0000	0
1	9000	chr7	13000	75	pop1	A	-	5	1.00000000	0.0000	1.0000	0.0000	1.0000	0.0000	0.0000	0.0000	0.0000	0.0000	0.0000	0
1	9000	chr7	13000	75	pop2	-	G	4	0.00000000	0.0000	1.0000	0.0000	1.0000	0.0000	0.0000	0.0000	0.0000	0.0000	0.0000	1
1	9000	chr7	13000	75	pop4	A	-	2	1.00000000	0.0000	1.0000	0.0000	1.0000	0.0000	0.0000	0.0000	0.0000	0.0000	0.0000	0
1	3000	chr8	34000	37	pop1	C	-	2	1.00000000	0.0000	1.0000	0.0000	1.0000	0.0000	0.0000	0.0000	0.0000	0.0000	0.0000	0
1	3000	chr8	34000	37	pop2	-	A	2	0.00000000	0.0000	1.0000	0.0000	1.0000	0.0000	0.0000	0.0000	0.0000	0.0000	0.0000	1
1	3000	chr8	34000	37	pop4	C	-	2	1.00000000	0.0000	1.0000	0.0000	1.0000	0.0000	0.0000	0.0000	0.0000	0.0000	0.0000	0
1	4200	chr9	214000	82	pop1	-	C	4	0.00000000	0.0000	1.0000	0.0000	1.0000	0.0000	0.0000	0.0000	0.0000	0.0000	0.0000	1
1	4200	chr9	214000	82	pop2	T	-	3	1.00000000	0.0000	1.0000	0.0000	1.0000	0.0000	0.0000	0.0000	0.0000	0.0000	0.0000	0
1	4200	chr9	214000	82	pop3	T	-	3	1.00000000	0.0000	1.0000	0.0000	1.0000	0.0000	0.0000	0.0000	0.0000	0.0000	0.0000	0
1	4200	chr9	214000	82	pop4	T	-	2	1.00000000	0.0000	1.0000	0.0000	1.0000	0.0000	0.0000	0.0000	0.0000	0.0000	0.0000	0
1	99000	chr10	194000	26	pop2	C	-	1	1.00000000	0.0000	1.0000	0.0000	1.0000	0.0000	0.0000	0.0000	0.0000	0.0000	0.0000	0
1	99000	chr10	194000	26	pop3	-	T	1	0.00000000	0.0000	1.0000	0.0000	1.0000	0.0000	0.0000	0.0000	0.0000	0.0000	0.0000	0
1	59000	chr11	172000	111	pop1	G	T	1	0.50000000	1.0000	0.0000	0.5000	0.5000	1.0000	0.0000	0.0000	0.0000	0.0000	0.0000	0
1	59000	chr11	172000	111	pop2	G	T	1	0.50000000	1.0000	0.0000	0.5000	0.5000	1.0000	0.0000	0.0000	0.0000	0.0000	0.0000	0
1	59000	chr11	172000	111	pop4	G	T	1	0.50000000	1.0000	0.0000	0.5000	0.5000	1.0000	0.0000	0.0000	0.0000	0.0000	0.0000	0
1	78000	chr12	8000	141	pop1	G	A	1	0.50000000	1.0000	0.0000	0.5000	0.5000	1.0000	0.0000	0.0000	0.0000	0.0000	0.0000	0
1	78000	chr12	8000	141	pop2	G	A	2	0.75000000	0.5000	0.5000	0.3750	0.6250	0.5000	0.0000	0.0000	0.0000	0.0000	0.0000	0
1	45000	chr13	353000	53	pop1	A	G	2	0.75000000	0.5000	0.5000	0.3750	0.6250	0.5000	0.0000	0.0000	0.0000	0.0000	0.0000	0
1	45000	chr13	353000	53	pop2	A	G	5	0.90000000	0.2000	0.8000	0.1800	0.8200	0.2000	0.0000	0.0000	-0.0000	0.0000	0.0000	0
1	45000	chr13	353000	53	pop3	A	G	1	0.50000000	1.0000	0.0000	0.5000	0.5000	1.0000	0.0000	0.0000	0.0000	0.0000	0.0000	0
1	164000	chr14	300000	106	pop4	A	C	1	0.50000000	1.0000	0.0000	0.5000	0.5000	1.0000	0.0000	0.0000	0.0000	0.0000	0.0000	0
1	27000	chr15	100000	128	pop3	A	C	1	0.50000000	1.0000	0.0000	0.5000	0.5000	1.0000	0.0000	0.0000	0.0000	0.0000	0.0000	0
1	83000	chr16	300000	114	pop2	A	C	5	0.90000000	0.2000	0.8000	0.1800	0.8200	0.2000	0.0000	0.0000	-0.0000	0.0000	0.0000	0
1	200100	chr17	145000	139	pop1	A	T	1	0.50000000	1.0000	0.0000	0.5000	0.5000	1.0000	0.0000	0.0000	0.0000	0.0000	0.0000	0
1	33000	chr18	78000	129	pop1	G	T	5	0.90000000	0.2000	0.8000	0.1800	0.8200	0.2000	0.0000	0.0000	-0.0000	0.0000	0.0000	0
1	33000	chr18	78000	129	pop2	G	T	3	0.66666667	0.6667	0.3333	0.4444	0.5556	0.5333	0.0000	0.0000	-0.2500	0.0000	0.0000	0
1	33000	chr18	78000	129	pop3	G	T	1	0.50000000	1.0000	0.0000	0.5000	0.5000	1.0000	0.0000	0.0000	0.0000	0.0000	0.0000	0
1	33000	chr18	78000	129	pop4	G	T	1	0.50000000	1.0000	0.0000	0.5000	0.5000	1.0000	0.0000	0.0000	0.0000	0.0000	0.0000	0
1	1500	chr19	2400	117	pop2	C	T	1	0.50000000	1.0000	0.0000	0.5000	0.5000	1.0000	0.0000	0.0000	0.0000	0.0000	0.0000	0
1	33000	chr20	89000	38	pop1	C	T	2	0.50000000	0.0000	1.0000	0.5000	0.5000	0.6667	0.0000	0.0000	1.0000	0.0000	0.0000	0
1	35000	chr21	67000	114	pop1	A	C	3	0.83333333	0.3333	0.6667	0.2778	0.7222	0.3333	0.0000	0.0000	0.0000	0.0000	0.0000	1
1	35000	chr21	67000	114	pop2	A	-	4	1.00000000	0.0000	1.0000	0.0000	1.0000	0.0000	0.0000	0.0000	0.0000	0.0000	0.0000	0
1	35000	chr21	67000	114	pop3	A	-	2	1.00000000	0.0000	1.0000	0.0000	1.0000	0.0000	0.0000	0.0000	0.0000	0.0000	0.0000	0
1	35000	chr21	67000	114	pop4	A	-	2	1.00000000	0.0000	1.0000	0.0000	1.0000	0.0000	0.0000	0.0000	0.0000	0.0000	0.0000	0
1	35000	chr21	67000	114	pop5	A	-	1	1.00000000	0.0000	1.0000	0.0000	1.0000	0.0000	0.0000	0.0000	0.0000	0.0000	0.0000	0
1	97000	chr22	4000	45	pop3	T	A	1	0.50000000	1.0000	0.0000	0.5000	0.5000	1.0000	0.0000	0.0000	0.0000	0.0000	0.0000	1
1	97000	chr22	4000	45	pop4	T	-	1	1.00000000	0.0000	1.0000	0.0000	1.0000	0.0000	0.0000	0.0000	0.0000	0.0000	0.0000	0
1	36000	chr23	29000	60	pop1	G	-	4	1.00000000	0.0000	1.0000	0.0000	1.0000	0.0000	0.0000	0.0000	0.0000	0.0000	0.0000	0
1	36000	chr23	29000	60	pop2	G	C	3	0.33333333	0.0000	1.0000	0.4444	0.5556	0.5333	0.0000	0.0000	1.0000	0.0000	0.0000	1
1	36000	chr23	29000	60	pop3	G	-	1	1.00000000	0.0000	1.0000	0.0000	1.0000	0.0000	0.0000	0.0000	0.0000	0.0000	0.0000	0
1	36000	chr23	29000	60	pop4	G	-	2	1.00000000	0.0000	1.0000	0.0000	1.0000	0.0000	0.0000	0.0000	0.0000	0.0000	0.0000	0
1	75000	chr24	123000	126	pop1	C	A	3	0.83333333	0.3333	0.6667	0.2778	0.7222	0.3333	0.0000	0.0000	0.0000	0.0000	0.0000	1
1	75000	chr24	123000	126	pop2	C	-	4	1.00000000	0.0000	1.0000	0.0000	1.0000	0.0000	0.0000	0.0000	0.0000	0.0000	0.0000	0
1	75000	chr24	123000	126	pop3	C	-	3	1.00000000	0.0000	1.0000	0.0000	1.0000	0.0000	0.0000	0.0000	0.0000	0.0000	0.0000	0
1	23000	chr25	196000	46	pop1	T	-	2	1.00000000	0.0000	1.0000	0.0000	1.0000	0.0000	0.0000	0.0000	0.0000	0.0000	0.0000	0
1	23000	chr25	196000	46	pop2	T	A	4	0.87500000	0.2500	0.7500	0.2188	0.7812	0.2500	0.0000	0.0000	0.0000	0.0000	0.0000	1
1	23000	chr25	196000	46	pop3	T	-	3	1.00000000	0.0000	1.0000	0.0000	1.0000	0.0000	0.0000	0.0000	0.0000	0.0000	0.0000	0
1	23000	chr25	196000	46	pop4	T	-	2	1.00000000	0.0000	1.0000	0.0000	1.0000	0.0000	0.0000	0.0000	0.0000	0.0000	0.0000	0
1	23000	chr25	196000	46	pop5	T	-	1	1.00000000	0.0000	1.0000	0.0000	1.0000	0.0000	0.0000	0.0000	0.0000	0.0000	0.0000	0
1	26500	chr26	20500	106	pop1	T	-	4	1.00000000	0.0000	1.0000	0.0000	1.0000	0.0000	0.0000	0.0000	0.0000	0.0000	0.0000	0
1	26500	chr26	20500	106	pop2	T	-	2	1.00000000	0.0000	1.0000	0.0000	1.0000	0.0000	0.0000	0.0000	0.0000	0.0000	0.0000	0
1	26500	chr26	20500	106	pop3	T	-	2	1.00000000	0.0000	1.0000	0.0000	1.0000	0.0000	0.0000	0.0000	0.0000	0.0000	0.0000	0
1	26500	chr26	20500	106	pop4	T	-	2	1.00000000	0.0000	1.0000	0.0000	1.0000	0.0000	0.0000	0.0000	0.0000	0.0000	0.0000	0
1	26500	chr26	20500	106	pop5	T	G	1	0.50000000	1.0000	0.0000	0.5000	0.5000	1.0000	0.0000	0.0000	0.0000	0.0000	0.0000	1
1	45800	chr27	128000	19	pop1	A	-	1	1.00000000	0.0000	1.0000	0.0000	1.0000	0.0000	0.0000	0.0000	0.0000	0.0000	0.0000	0
1	45800	chr27	128000	19	pop2	A	G	2	0.75000000	0.5000	0.5000	0.3750	0.6250	0.5000	0.0000	0.0000	0.0000	0.0000	0.0000	1
1	45800	chr27	128000	19	pop3	A	-	1	1.00000000	0.0000	1.0000	0.0000	1.0000	0.0000	0.0000	0.0000	0.0000	0.0000	0.0000	0
1	45800	chr27	128000	19	pop4	A	-	1	1.00000000	0.0000	1.0000	0.0000	1.0000	0.0000	0.0000	0.0000	0.0000	0.0000	0.0000	0
1	63000	chr28	428000	130	pop1	A	G	2	0.75000000	0.5000	0.5000	0.3750	0.6250	0.5000	0.0000	0.0000	0.0000	0.0000	0.0000	1
1	63000	chr28	428000	130	pop2	A	-	4	1.00000000	0.0000	1.0000	0.0000	1.0000	0.0000	0.0000	0.0000	0.0000	0.0000	0.0000	0
1	63000	chr28	428000	130	pop3	A	-	2	1.00000000	0.0000	1.0000	0.0000	1.0000	0.0000	0.0000	0.0000	0.0000	0.0000	0.0000	0
1	63000	chr28	428000	130	pop4	A	-	2	1.00000000	0.0000	1.0000	0.0000	1.0000	0.0000	0.0000	0.0000	0.0000	0.0000	0.0000	0
1	38000	chr29	51000	141	pop1	C	-	2	1.00000000	0.0000	1.0000	0.0000	1.0000	0.0000	0.0000	0.0000	0.0000	0.0000	0.0000	0
1	38000	chr29	51000	141	pop2	C	-	3	1.00000000	0.0000	1.0000	0.0000	1.0000	0.0000	0.0000	0.0000	0.0000	0.0000	0.0000	0
1	38000	chr29	51000	141	pop3	C	A	1	0.50000000	1.0000	0.0000	0.5000	0.5000	1.0000	0.0000	0.0000	0.0000	0.0000	0.0000	1
1	29000	chr30	53000	62	pop1	G	-	4	1.00000000	0.0000	1.0000	0.0000	1.0000	0.0000	0.0000	0.0000	0.0000	0.0000	0.0000	0
1	29000	chr30	53000	62	pop2	G	C	2	0.50000000	0.0000	1.0000	0.5000	0.5000	0.6667	0.0000	0.0000	1.0000	0.0000	0.0000	1
1	29000	chr30	53000	62	pop3	G	-	3	1.00000000	0.0000	1.0000	0.0000	1.0000	0.0000	0.0000	0.0000	0.0000	0.0000	0.0000	0
1	29000	chr30	53000	62	pop4	G	-	2	1.00000000	0.0000	1.0000	0.0000	1.0000	0.0000	0.0000	0.0000	0.0000	0.0000	0.0000	0
1	29000	chr30	53000	62	pop5	G	-	1	1.00000000	0.0000	1.0000	0.0000	1.0000	0.0000	0.0000	0.0000	0.0000	0.0000	0.0000	0
